{"schemaVersion":"1.0","appDefinitionTemplate":{"id":"/providers/Microsoft.PowerApps/apps/","type":"Microsoft.PowerApps/apps","tags":{"primaryDeviceWidth":"640","primaryDeviceHeight":"1136","supportsPortrait":"true","supportsLandscape":"true","primaryFormFactor":"Phone","publisherVersion":"3.22083.10","minimumRequiredApiVersion":"2.2.0","hasComponent":"false","hasUnlockedComponent":"false","isUnifiedRootApp":"false","sienaVersion":"20220828T083316Z-3.22083.10.0"},"properties":{"appVersion":"2022-08-28T08:33:16Z","lifeCycleId":"Published","createdByClientVersion":{"major":3,"minor":22083,"build":10,"revision":0,"majorRevision":0,"minorRevision":0},"minClientVersion":{"major":3,"minor":22083,"build":10,"revision":0,"majorRevision":0,"minorRevision":0},"backgroundColor":"RGBA(0,176,240,1)","backgroundImageUri":"/10938757030145586161/Nda2d76ae-f8f3-4a44-b2c3-84e68633f64d-logoSmallFile","displayName":"hackathon-app","description":"","commitMessage":"","appUris":{"documentUri":{"value":"/10938757030145586161/Nf8b71980-11d5-4eae-b60c-5878b132487a-document.msapp"},"imageUris":[],"additionalUris":[]},"createdTime":"0001-01-01T00:00:00Z","lastModifiedTime":"0001-01-01T00:00:00Z","sharedGroupsCount":0,"sharedUsersCount":0,"icons":{"smallIconUri":"/10938757030145586161/Nc65ed42a-10fa-4f1e-ace7-fada67006365-small.png","mediumIconUri":"/10938757030145586161/Nbd13ec75-4524-4f21-899f-a86e1ab89e32-medium.png","largeIconUri":"/10938757030145586161/Na089bf4b-6916-4d85-8e95-96f96feb1baf-large.png","wideIconUri":"/10938757030145586161/N1c7f285d-0610-419c-9041-7f6b5abb4835-wide.png"},"connectionReferences":{"852074f0-6019-4581-96d4-119ee398c81f":{"id":"139554e4-021d-4830-869a-38fc40bb2140","displayName":"Serviços Espaciais","iconUri":"https://connectoricons-prod.azureedge.net/releases/v1.0.1586/1.0.1586.2912/microsoftspatialservices/icon.png","dataSources":["ServiçosEspaciais"],"dependencies":[],"dependents":[],"parameterHints":{},"parameterHintsV2":{},"isOnPremiseConnection":false,"bypassConsent":false,"dataSets":{},"apiTier":"Premium","isCustomApiConnection":false}},"databaseReferences":{},"almMode":"Environment","performanceOptimizationEnabled":true,"canConsumeAppPass":true,"enableModernRuntimeMode":false,"executionRestrictions":{"isTeamsOnly":false,"dataLossPreventionEvaluationResult":{"status":"Compliant","lastEvaluationDate":"2022-08-27T23:41:33.1607095Z","violations":[],"violationsByPolicy":[],"violationErrorMessage":"The app uses the following connectors: ."}}},"appType":"ClassicCanvasApp","appComponents":[]}}